{"loss": 0.24839772284030914, "accuracy": 0.910099983215332}