{"loss": 0.4559834599494934, "accuracy": 0.8413000106811523}