{"loss": 0.31456896662712097, "accuracy": 0.8966000080108643}