{"loss": 0.32308921217918396, "accuracy": 0.9021000266075134}