{"loss": 0.4508334994316101, "accuracy": 0.843500018119812}