{"loss": 0.26117274165153503, "accuracy": 0.9032999873161316}