epoch,loss,accuracy
1,0.6311374306678772,0.7791500091552734
2,0.4110237658023834,0.8560000061988831
3,0.3577759563922882,0.8744833469390869
4,0.32465633749961853,0.8858500123023987
5,0.304473340511322,0.8921499848365784
6,0.28758445382118225,0.8981000185012817
7,0.2722903788089752,0.9023333191871643
8,0.26305902004241943,0.9058833122253418
9,0.2523864209651947,0.9089833498001099
10,0.24263419210910797,0.9134166836738586
