epoch,loss,accuracy
1,0.5363971590995789,0.8094000220298767
2,0.3810904324054718,0.8613666892051697
3,0.34626856446266174,0.8733500242233276
4,0.3229815661907196,0.8820499777793884
5,0.31410881876945496,0.8833833336830139
6,0.2990661561489105,0.88714998960495
7,0.2888059616088867,0.8922500014305115
8,0.28380462527275085,0.8921833038330078
9,0.2764284908771515,0.8939833045005798
10,0.26488927006721497,0.8971166610717773
