epoch,loss,accuracy
1,1.5823616981506348,0.3933166563510895
2,1.0118515491485596,0.6050833463668823
3,0.8535288572311401,0.6703833341598511
4,0.809403657913208,0.6906333565711975
5,0.7806704640388489,0.7018666863441467
6,0.7572636604309082,0.710099995136261
7,0.7353285551071167,0.7208666801452637
8,0.7103609442710876,0.7331666946411133
9,0.6945146918296814,0.7391999959945679
10,0.6852879524230957,0.7447500228881836
