epoch,loss,accuracy
1,0.5993928909301758,0.7940499782562256
2,0.3791442811489105,0.8675500154495239
3,0.33386358618736267,0.8827333450317383
4,0.30142921209335327,0.8928833603858948
5,0.2862482964992523,0.8980166912078857
6,0.27043333649635315,0.9020500183105469
7,0.25762683153152466,0.9072499871253967
8,0.24715064465999603,0.9097333550453186
9,0.23698952794075012,0.9138500094413757
10,0.22952531278133392,0.9171833395957947
