epoch,loss,accuracy
1,0.46717774868011475,0.8349999785423279
2,0.3411931097507477,0.8758500218391418
3,0.3067832589149475,0.8870333433151245
4,0.28469768166542053,0.8936833143234253
5,0.26466089487075806,0.9007499814033508
6,0.25682544708251953,0.9049500226974487
7,0.2442648857831955,0.9060999751091003
8,0.23553667962551117,0.9118833541870117
9,0.22459572553634644,0.9158499836921692
10,0.21864674985408783,0.918233335018158
